netcard_mini	netcard_mini_value	netcard	netcard_value	tate_pairing_mini	tate_pairing_mini_value	tate_pairing	tate_pairing_value	jpeg_mini	jpeg_mini_value	jpeg	jpeg_value	ariane_mini	ariane_mini_value	ariane	ariane_value	nova_mini	nova_mini_value	nova	nova_value
M3P130_M5P75_M3C50_M5C50	36.34	M3P130_M5P75_M3C50_M5C50	370.69	M3P85_M5P75_M3C50_M5C50	29.61	M3P85_M5P75_M3C50_M5C50	286.72	M3P85_M5P100_M3C50_M5C50	7.93	M3P85_M5P100_M3C50_M5C50	82.67	M3P130_M5P100_M3C50_M5C50	32.44	M3P130_M5P100_M3C50_M5C50	338.83	M3P85_M5P125_M3C50_M5C150	6.65	M3P130_M5P75_M3C50_M5C100	65.26
M3P100_M5P75_M3C50_M5C100	36.34	M3P100_M5P75_M3C50_M5C100	372.99	M3P85_M5P100_M3C50_M5C50	29.88	M3P85_M5P100_M3C50_M5C50	286.28	M3P85_M5P75_M3C50_M5C50	7.98	M3P85_M5P75_M3C50_M5C50	82.83	M3P130_M5P75_M3C50_M5C50	32.45	M3P130_M5P75_M3C50_M5C50	338.45	M3P85_M5P125_M3C50_M5C50	6.69	M3P85_M5P75_M3C50_M5C150	65.02
M3P85_M5P125_M3C50_M5C50	36.34	M3P85_M5P125_M3C50_M5C50	368.92	M3P85_M5P125_M3C50_M5C100	29.96	M3P85_M5P125_M3C50_M5C100	288.04	M3P130_M5P100_M3C50_M5C50	7.98	M3P130_M5P100_M3C50_M5C50	84.13	M3P85_M5P100_M3C50_M5C150	32.46	M3P85_M5P100_M3C50_M5C150	339.38	M3P85_M5P75_M3C50_M5C100	6.74	M3P85_M5P100_M3C50_M5C100	64.66
M3P130_M5P100_M3C50_M5C50	36.36	M3P130_M5P100_M3C50_M5C50	367.9	M3P85_M5P100_M3C50_M5C150	29.97	M3P85_M5P100_M3C50_M5C150	288.16	M3P130_M5P125_M3C50_M5C50	7.98	M3P130_M5P125_M3C50_M5C50	83.09	M3P130_M5P125_M3C50_M5C150	32.46	M3P130_M5P125_M3C50_M5C150	339.37	M3P85_M5P100_M3C50_M5C150	6.74	M3P85_M5P75_M3C50_M5C50	64.37
M3P100_M5P75_M3C50_M5C50	36.37	M3P100_M5P75_M3C50_M5C50	373.92	M3P85_M5P75_M3C50_M5C150	29.97	M3P85_M5P75_M3C50_M5C150	287.9	M3P100_M5P100_M3C50_M5C50	7.99	M3P100_M5P100_M3C50_M5C50	82.81	M3P85_M5P125_M3C50_M5C50	32.46	M3P85_M5P125_M3C50_M5C50	338.49	M3P130_M5P125_M3C50_M5C150	6.75	M3P85_M5P125_M3C50_M5C50	64.06
M3P85_M5P100_M3C50_M5C50	36.39	M3P85_M5P100_M3C50_M5C50	368.58	M3P100_M5P75_M3C50_M5C100	30.02	M3P100_M5P75_M3C50_M5C100	287.54	M3P130_M5P75_M3C50_M5C50	7.99	M3P130_M5P75_M3C50_M5C50	83.55	M3P130_M5P125_M3C50_M5C100	32.47	M3P130_M5P125_M3C50_M5C100	339.03	M3P100_M5P100_M3C100_M5C100	6.75	M3P85_M5P100_M3C50_M5C50	64.11
M3P85_M5P75_M3C50_M5C50	36.4	M3P85_M5P75_M3C50_M5C50	372.64	M3P85_M5P125_M3C50_M5C50	30.02	M3P85_M5P125_M3C50_M5C50	286.35	M3P100_M5P75_M3C50_M5C100	8.0	M3P100_M5P75_M3C50_M5C100	83.58	M3P130_M5P125_M3C50_M5C50	32.47	M3P130_M5P125_M3C50_M5C50	338.64	M3P130_M5P125_M3C50_M5C50	6.76	M3P130_M5P100_M3C50_M5C150	65.44
M3P100_M5P100_M3C50_M5C50	36.41	M3P100_M5P100_M3C50_M5C50	368.14	M3P130_M5P75_M3C50_M5C50	30.02	M3P130_M5P75_M3C50_M5C50	287.99	M3P85_M5P125_M3C50_M5C100	8.01	M3P85_M5P125_M3C50_M5C100	83.03	M3P85_M5P125_M3C50_M5C100	32.47	M3P85_M5P125_M3C50_M5C100	338.82	M3P130_M5P100_M3C50_M5C100	6.76	M3P130_M5P100_M3C50_M5C100	64.52
M3P85_M5P75_M3C50_M5C100	36.42	M3P85_M5P75_M3C50_M5C100	383.23	M3P130_M5P125_M3C50_M5C150	30.04	M3P130_M5P125_M3C50_M5C150	290.59	M3P130_M5P100_M3C50_M5C100	8.01	M3P130_M5P100_M3C50_M5C100	84.82	M3P100_M5P100_M3C50_M5C100	32.47	M3P100_M5P100_M3C50_M5C100	339.14	M3P85_M5P75_M3C50_M5C150	6.76	M3P130_M5P125_M3C50_M5C100	64.85
M3P85_M5P125_M3C50_M5C100	36.44	M3P85_M5P125_M3C50_M5C100	374.73	M3P100_M5P125_M3C50_M5C50	30.09	M3P100_M5P125_M3C50_M5C50	287.39	M3P100_M5P125_M3C50_M5C50	8.02	M3P100_M5P125_M3C50_M5C50	83.91	M3P100_M5P75_M3C50_M5C150	32.47	M3P100_M5P75_M3C50_M5C150	339.27	M3P130_M5P75_M3C50_M5C100	6.76	M3P130_M5P125_M3C50_M5C150	64.9
M3P130_M5P75_M3C50_M5C100	36.44	M3P130_M5P75_M3C50_M5C100	373.06	M3P100_M5P100_M3C50_M5C50	30.1	M3P100_M5P100_M3C50_M5C50	287.86	M3P100_M5P75_M3C50_M5C150	8.02	M3P100_M5P75_M3C50_M5C150	84.63	M3P85_M5P100_M3C50_M5C50	32.47	M3P85_M5P100_M3C50_M5C50	338.68	M3P100_M5P75_M3C50_M5C150	6.77	M3P85_M5P125_M3C50_M5C150	64.76
M3P100_M5P125_M3C50_M5C50	36.45	M3P100_M5P125_M3C50_M5C50	369.43	M3P100_M5P75_M3C50_M5C50	30.13	M3P100_M5P75_M3C50_M5C50	288.47	M3P100_M5P75_M3C50_M5C50	8.02	M3P100_M5P75_M3C50_M5C50	82.77	M3P100_M5P100_M3C50_M5C50	32.47	M3P100_M5P100_M3C50_M5C50	338.46	M3P100_M5P75_M3C100_M5C100	6.77	M3P130_M5P75_M3C50_M5C50	64.6
M3P100_M5P100_M3C50_M5C100	36.45	M3P100_M5P100_M3C50_M5C100	370.4	M3P130_M5P125_M3C50_M5C50	30.15	M3P130_M5P125_M3C50_M5C50	286.94	M3P100_M5P100_M3C50_M5C150	8.02	M3P100_M5P100_M3C50_M5C150	84.62	M3P100_M5P125_M3C50_M5C150	32.48	M3P100_M5P125_M3C50_M5C150	339.35	M3P85_M5P75_M3C100_M5C100	6.77	M3P100_M5P75_M3C50_M5C150	65.29
M3P130_M5P75_M3C50_M5C150	36.46	M3P130_M5P75_M3C50_M5C150	371.56	M3P100_M5P100_M3C50_M5C150	30.18	M3P100_M5P100_M3C50_M5C150	289.73	M3P100_M5P125_M3C50_M5C150	8.03	M3P100_M5P125_M3C50_M5C150	84.2	M3P130_M5P75_M3C50_M5C150	32.48	M3P130_M5P75_M3C50_M5C150	339.26	M3P100_M5P125_M3C50_M5C100	6.77	M3P130_M5P125_M3C100_M5C100	65.99
M3P85_M5P125_M3C50_M5C150	36.46	M3P85_M5P125_M3C50_M5C150	373.19	M3P100_M5P125_M3C50_M5C150	30.24	M3P100_M5P125_M3C50_M5C150	288.8	M3P85_M5P75_M3C50_M5C150	8.03	M3P85_M5P75_M3C50_M5C150	83.44	M3P130_M5P100_M3C50_M5C100	32.48	M3P130_M5P100_M3C50_M5C100	338.81	M3P100_M5P125_M3C100_M5C50	6.77	M3P130_M5P125_M3C50_M5C50	64.09
M3P130_M5P125_M3C50_M5C50	36.46	M3P130_M5P125_M3C50_M5C50	367.26	M3P130_M5P100_M3C50_M5C50	30.24	M3P130_M5P100_M3C50_M5C50	288.19	M3P130_M5P75_M3C50_M5C150	8.04	M3P130_M5P75_M3C50_M5C150	84.02	M3P130_M5P75_M3C50_M5C100	32.48	M3P130_M5P75_M3C50_M5C100	339.3	M3P130_M5P100_M3C50_M5C50	6.77	M3P85_M5P125_M3C50_M5C100	64.84
M3P85_M5P100_M3C50_M5C150	36.47	M3P85_M5P100_M3C50_M5C150	375.52	M3P130_M5P100_M3C50_M5C150	30.28	M3P130_M5P100_M3C50_M5C150	288.55	M3P85_M5P125_M3C50_M5C50	8.04	M3P85_M5P125_M3C50_M5C50	82.64	M3P100_M5P75_M3C50_M5C100	32.48	M3P100_M5P75_M3C50_M5C100	339.12	M3P85_M5P100_M3C50_M5C100	6.77	M3P100_M5P100_M3C50_M5C100	65.12
M3P85_M5P100_M3C50_M5C100	36.47	M3P85_M5P100_M3C50_M5C100	370.8	M3P130_M5P75_M3C50_M5C150	30.29	M3P130_M5P75_M3C50_M5C150	289.59	M3P100_M5P125_M3C50_M5C100	8.05	M3P100_M5P125_M3C50_M5C100	84.92	M3P100_M5P125_M3C50_M5C100	32.48	M3P100_M5P125_M3C50_M5C100	338.59	M3P130_M5P100_M3C50_M5C150	6.78	M3P100_M5P75_M3C50_M5C100	64.85
M3P130_M5P125_M3C50_M5C100	36.48	M3P130_M5P125_M3C50_M5C100	370.07	M3P85_M5P75_M3C50_M5C100	30.3	M3P85_M5P75_M3C50_M5C100	288.79	M3P130_M5P125_M3C50_M5C100	8.06	M3P130_M5P125_M3C50_M5C100	84.52	M3P100_M5P100_M3C50_M5C150	32.49	M3P100_M5P100_M3C50_M5C150	339.45	M3P100_M5P75_M3C50_M5C50	6.78	M3P100_M5P125_M3C50_M5C50	63.73
M3P100_M5P75_M3C50_M5C150	36.48	M3P100_M5P75_M3C50_M5C150	377.26	M3P100_M5P100_M3C50_M5C100	30.31	M3P100_M5P100_M3C50_M5C100	287.75	M3P130_M5P100_M3C50_M5C150	8.06	M3P130_M5P100_M3C50_M5C150	85.69	M3P85_M5P100_M3C50_M5C100	32.49	M3P85_M5P100_M3C50_M5C100	338.92	M3P100_M5P125_M3C50_M5C150	6.78	M3P100_M5P125_M3C50_M5C100	64.32
M3P100_M5P100_M3C50_M5C150	36.49	M3P100_M5P100_M3C50_M5C150	374.13	M3P100_M5P125_M3C50_M5C100	30.31	M3P100_M5P125_M3C50_M5C100	288.95	M3P85_M5P75_M3C50_M5C100	8.06	M3P85_M5P75_M3C50_M5C100	83.84	M3P130_M5P100_M3C50_M5C150	32.49	M3P130_M5P100_M3C50_M5C150	339.65	M3P130_M5P125_M3C50_M5C100	6.78	M3P130_M5P75_M3C100_M5C50	65.66
M3P100_M5P125_M3C50_M5C100	36.5	M3P100_M5P125_M3C50_M5C100	370.29	M3P85_M5P100_M3C50_M5C100	30.31	M3P85_M5P100_M3C50_M5C100	287.25	M3P100_M5P100_M3C50_M5C100	8.06	M3P100_M5P100_M3C50_M5C100	84.05	M3P100_M5P125_M3C50_M5C50	32.49	M3P100_M5P125_M3C50_M5C50	338.62	M3P85_M5P75_M3C50_M5C50	6.78	M3P130_M5P100_M3C100_M5C150	66.52
M3P85_M5P75_M3C50_M5C150	36.52	M3P85_M5P75_M3C50_M5C150	386.47	M3P85_M5P125_M3C50_M5C150	30.31	M3P85_M5P125_M3C50_M5C150	289.2	M3P85_M5P100_M3C50_M5C150	8.07	M3P85_M5P100_M3C50_M5C150	84.65	M3P85_M5P75_M3C50_M5C100	32.49	M3P85_M5P75_M3C50_M5C100	338.97	M3P100_M5P125_M3C50_M5C50	6.79	M3P130_M5P100_M3C50_M5C50	64.04
M3P130_M5P125_M3C50_M5C150	36.54	M3P130_M5P125_M3C50_M5C150	371.88	M3P100_M5P75_M3C50_M5C150	30.36	M3P100_M5P75_M3C50_M5C150	289.79	M3P130_M5P75_M3C50_M5C100	8.07	M3P130_M5P75_M3C50_M5C100	83.38	M3P100_M5P75_M3C50_M5C50	32.49	M3P100_M5P75_M3C50_M5C50	338.39	M3P85_M5P75_M3C100_M5C50	6.79	M3P130_M5P100_M3C100_M5C50	65.12
M3P130_M5P100_M3C50_M5C100	36.54	M3P130_M5P100_M3C50_M5C100	368.68	M3P130_M5P125_M3C50_M5C100	30.39	M3P130_M5P125_M3C50_M5C100	288.66	M3P85_M5P125_M3C50_M5C150	8.08	M3P85_M5P125_M3C50_M5C150	83.84	M3P85_M5P125_M3C50_M5C150	32.49	M3P85_M5P125_M3C50_M5C150	339.17	M3P85_M5P100_M3C50_M5C50	6.79	M3P100_M5P75_M3C50_M5C50	64.79
M3P130_M5P100_M3C50_M5C150	36.62	M3P130_M5P100_M3C50_M5C150	373.11	M3P130_M5P75_M3C50_M5C100	30.45	M3P130_M5P75_M3C50_M5C100	287.87	M3P130_M5P125_M3C50_M5C150	8.08	M3P130_M5P125_M3C50_M5C150	85.02	M3P85_M5P75_M3C50_M5C150	32.49	M3P85_M5P75_M3C50_M5C150	339.36	M3P100_M5P75_M3C50_M5C100	6.79	M3P85_M5P75_M3C50_M5C100	64.94
M3P100_M5P125_M3C50_M5C150	36.62	M3P100_M5P125_M3C50_M5C150	372.88	M3P85_M5P75_M3C100_M5C50	30.46	M3P85_M5P75_M3C100_M5C50	291.98	M3P85_M5P100_M3C50_M5C100	8.09	M3P85_M5P100_M3C50_M5C100	81.58	M3P130_M5P75_M3C100_M5C50	32.5	M3P130_M5P75_M3C100_M5C50	339.42	M3P100_M5P100_M3C50_M5C100	6.80	M3P100_M5P125_M3C50_M5C150	64.63
M3P130_M5P100_M3C100_M5C50	36.77	M3P130_M5P100_M3C100_M5C50	372.08	M3P100_M5P100_M3C100_M5C50	30.49	M3P100_M5P100_M3C100_M5C50	291.04	M3P130_M5P75_M3C100_M5C100	8.1	M3P130_M5P75_M3C100_M5C100	84.56	M3P85_M5P75_M3C50_M5C50	32.5	M3P85_M5P75_M3C50_M5C50	338.23	M3P85_M5P125_M3C100_M5C50	6.81	M3P100_M5P100_M3C50_M5C150	65.03
M3P130_M5P125_M3C100_M5C100	36.78	M3P130_M5P125_M3C100_M5C100	375.96	M3P85_M5P125_M3C100_M5C50	30.57	M3P85_M5P125_M3C100_M5C50	292.17	M3P85_M5P125_M3C100_M5C50	8.12	M3P85_M5P125_M3C100_M5C50	86.49	M3P130_M5P100_M3C100_M5C100	32.51	M3P130_M5P100_M3C100_M5C100	339.68	M3P100_M5P100_M3C50_M5C50	6.81	M3P100_M5P100_M3C50_M5C50	64.01
M3P130_M5P75_M3C100_M5C50	36.82	M3P130_M5P75_M3C100_M5C50	373.81	M3P130_M5P100_M3C50_M5C100	30.58	M3P130_M5P100_M3C50_M5C100	289.14	M3P100_M5P125_M3C100_M5C100	8.13	M3P100_M5P125_M3C100_M5C100	85.17	M3P100_M5P75_M3C100_M5C100	32.51	M3P100_M5P75_M3C100_M5C100	339.95	M3P85_M5P125_M3C50_M5C100	6.81	M3P100_M5P75_M3C100_M5C100	65.79
M3P130_M5P125_M3C100_M5C50	36.84	M3P130_M5P125_M3C100_M5C50	372.82	M3P130_M5P125_M3C100_M5C150	30.6	M3P130_M5P125_M3C100_M5C150	293.17	M3P130_M5P75_M3C100_M5C50	8.13	M3P130_M5P75_M3C100_M5C50	84.93	M3P130_M5P125_M3C100_M5C100	32.51	M3P130_M5P125_M3C100_M5C100	339.71	M3P130_M5P75_M3C50_M5C50	6.82	M3P85_M5P125_M3C100_M5C50	65.6
M3P100_M5P100_M3C100_M5C50	36.85	M3P100_M5P100_M3C100_M5C50	374.23	M3P100_M5P75_M3C100_M5C100	30.63	M3P100_M5P75_M3C100_M5C100	294.04	M3P100_M5P75_M3C100_M5C50	8.13	M3P100_M5P75_M3C100_M5C50	83.54	M3P130_M5P125_M3C100_M5C50	32.51	M3P130_M5P125_M3C100_M5C50	339.52	M3P85_M5P100_M3C100_M5C150	6.83	M3P85_M5P125_M3C100_M5C150	66.57
M3P100_M5P125_M3C100_M5C100	36.86	M3P100_M5P125_M3C100_M5C100	375.47	M3P130_M5P75_M3C100_M5C100	30.64	M3P130_M5P75_M3C100_M5C100	292.6	M3P85_M5P100_M3C100_M5C100	8.14	M3P85_M5P100_M3C100_M5C100	84.25	M3P85_M5P100_M3C100_M5C100	32.52	M3P85_M5P100_M3C100_M5C100	340.07	M3P130_M5P75_M3C100_M5C50	6.83	M3P130_M5P75_M3C100_M5C100	66.17
M3P100_M5P125_M3C100_M5C50	36.87	M3P100_M5P125_M3C100_M5C50	374.04	M3P130_M5P75_M3C100_M5C150	30.65	M3P130_M5P75_M3C100_M5C150	295.52	M3P130_M5P100_M3C100_M5C50	8.14	M3P130_M5P100_M3C100_M5C50	84.13	M3P85_M5P125_M3C100_M5C100	32.52	M3P85_M5P125_M3C100_M5C100	340.14	M3P130_M5P100_M3C100_M5C150	6.83	M3P100_M5P125_M3C100_M5C50	65.28
M3P130_M5P125_M3C100_M5C150	36.88	M3P130_M5P125_M3C100_M5C150	376.91	M3P100_M5P125_M3C100_M5C150	30.65	M3P100_M5P125_M3C100_M5C150	294.21	M3P100_M5P100_M3C100_M5C100	8.15	M3P100_M5P100_M3C100_M5C100	84.96	M3P100_M5P100_M3C100_M5C50	32.52	M3P100_M5P100_M3C100_M5C50	339.32	M3P130_M5P75_M3C50_M5C150	6.83	M3P85_M5P100_M3C100_M5C50	65.2
M3P85_M5P100_M3C100_M5C50	36.89	M3P85_M5P100_M3C100_M5C50	374.61	M3P130_M5P125_M3C100_M5C50	30.66	M3P130_M5P125_M3C100_M5C50	291.91	M3P85_M5P75_M3C100_M5C150	8.15	M3P85_M5P75_M3C100_M5C150	86.66	M3P100_M5P100_M3C100_M5C100	32.52	M3P100_M5P100_M3C100_M5C100	339.87	M3P130_M5P100_M3C100_M5C50	6.84	M3P100_M5P125_M3C100_M5C150	65.9
M3P130_M5P75_M3C100_M5C100	36.89	M3P130_M5P75_M3C100_M5C100	376.37	M3P100_M5P100_M3C100_M5C100	30.67	M3P100_M5P100_M3C100_M5C100	294.41	M3P85_M5P100_M3C100_M5C50	8.16	M3P85_M5P100_M3C100_M5C50	84.98	M3P130_M5P125_M3C100_M5C150	32.53	M3P130_M5P125_M3C100_M5C150	340.19	M3P85_M5P125_M3C100_M5C150	6.84	M3P100_M5P75_M3C100_M5C50	65.65
M3P130_M5P100_M3C100_M5C100	36.9	M3P130_M5P100_M3C100_M5C100	375.54	M3P130_M5P100_M3C100_M5C50	30.68	M3P130_M5P100_M3C100_M5C50	292.64	M3P130_M5P100_M3C100_M5C150	8.16	M3P130_M5P100_M3C100_M5C150	86.36	M3P85_M5P125_M3C100_M5C150	32.53	M3P85_M5P125_M3C100_M5C150	340.35	M3P130_M5P125_M3C100_M5C50	6.84	M3P130_M5P75_M3C50_M5C150	65.52
M3P100_M5P75_M3C100_M5C50	36.91	M3P100_M5P75_M3C100_M5C50	380.2	M3P85_M5P100_M3C100_M5C150	30.71	M3P85_M5P100_M3C100_M5C150	295.95	M3P130_M5P100_M3C100_M5C100	8.16	M3P130_M5P100_M3C100_M5C100	84.63	M3P85_M5P125_M3C150_M5C100	32.53	M3P85_M5P125_M3C150_M5C100	340.87	M3P100_M5P100_M3C50_M5C150	6.84	M3P85_M5P75_M3C100_M5C50	65.95
M3P130_M5P75_M3C100_M5C150	36.92	M3P130_M5P75_M3C100_M5C150	381.46	M3P85_M5P125_M3C100_M5C150	30.72	M3P85_M5P125_M3C100_M5C150	294.87	M3P130_M5P125_M3C100_M5C100	8.16	M3P130_M5P125_M3C100_M5C100	85.83	M3P130_M5P75_M3C100_M5C100	32.53	M3P130_M5P75_M3C100_M5C100	339.62	M3P100_M5P75_M3C100_M5C150	6.85	M3P85_M5P75_M3C100_M5C100	66.13
M3P85_M5P125_M3C100_M5C50	36.92	M3P85_M5P125_M3C100_M5C50	376.9	M3P130_M5P75_M3C100_M5C50	30.72	M3P130_M5P75_M3C100_M5C50	291.9	M3P100_M5P100_M3C100_M5C50	8.16	M3P100_M5P100_M3C100_M5C50	84.79	M3P100_M5P125_M3C100_M5C50	32.53	M3P100_M5P125_M3C100_M5C50	339.46	M3P85_M5P100_M3C100_M5C50	6.85	M3P85_M5P100_M3C50_M5C150	65.46
M3P100_M5P100_M3C100_M5C100	36.93	M3P100_M5P100_M3C100_M5C100	375.12	M3P100_M5P75_M3C100_M5C150	30.73	M3P100_M5P75_M3C100_M5C150	295.91	M3P85_M5P75_M3C100_M5C100	8.17	M3P85_M5P75_M3C100_M5C100	84.28	M3P100_M5P100_M3C100_M5C150	32.54	M3P100_M5P100_M3C100_M5C150	340.28	M3P130_M5P100_M3C100_M5C100	6.85	M3P100_M5P75_M3C100_M5C150	66.2
M3P100_M5P75_M3C100_M5C100	36.96	M3P100_M5P75_M3C100_M5C100	390.89	M3P100_M5P125_M3C100_M5C100	30.74	M3P100_M5P125_M3C100_M5C100	294.27	M3P100_M5P75_M3C100_M5C100	8.17	M3P100_M5P75_M3C100_M5C100	84.73	M3P85_M5P75_M3C100_M5C150	32.54	M3P85_M5P75_M3C100_M5C150	340.21	M3P100_M5P125_M3C100_M5C150	6.86	M3P100_M5P100_M3C100_M5C50	65.35
M3P130_M5P100_M3C100_M5C150	36.97	M3P130_M5P100_M3C100_M5C150	378.26	M3P130_M5P100_M3C100_M5C150	30.74	M3P130_M5P100_M3C100_M5C150	295.39	M3P130_M5P125_M3C100_M5C150	8.18	M3P130_M5P125_M3C100_M5C150	86.65	M3P85_M5P75_M3C100_M5C100	32.54	M3P85_M5P75_M3C100_M5C100	340.01	M3P100_M5P75_M3C100_M5C50	6.87	M3P85_M5P125_M3C100_M5C100	65.77
M3P85_M5P100_M3C100_M5C150	36.99	M3P85_M5P100_M3C100_M5C150	380.1	M3P85_M5P100_M3C100_M5C100	30.74	M3P85_M5P100_M3C100_M5C100	294.04	M3P130_M5P125_M3C100_M5C50	8.2	M3P130_M5P125_M3C100_M5C50	85.92	M3P100_M5P125_M3C100_M5C100	32.54	M3P100_M5P125_M3C100_M5C100	339.89	M3P100_M5P100_M3C150_M5C150	6.87	M3P85_M5P75_M3C100_M5C150	66.92
M3P100_M5P75_M3C100_M5C150	36.99	M3P100_M5P75_M3C100_M5C150	389.32	M3P100_M5P125_M3C100_M5C50	30.74	M3P100_M5P125_M3C100_M5C50	291.42	M3P85_M5P75_M3C100_M5C50	8.2	M3P85_M5P75_M3C100_M5C50	82.98	M3P130_M5P100_M3C100_M5C150	32.54	M3P130_M5P100_M3C100_M5C150	340.01	M3P85_M5P75_M3C100_M5C150	6.87	M3P100_M5P100_M3C100_M5C100	65.92
M3P85_M5P100_M3C100_M5C100	36.99	M3P85_M5P100_M3C100_M5C100	376.42	M3P100_M5P75_M3C100_M5C50	30.78	M3P100_M5P75_M3C100_M5C50	291.05	M3P100_M5P125_M3C100_M5C50	8.2	M3P100_M5P125_M3C100_M5C50	85.59	M3P100_M5P75_M3C100_M5C50	32.54	M3P100_M5P75_M3C100_M5C50	339.71	M3P130_M5P75_M3C100_M5C150	6.87	M3P85_M5P100_M3C100_M5C100	65.95
M3P100_M5P125_M3C100_M5C150	37.0	M3P100_M5P125_M3C100_M5C150	376.82	M3P85_M5P125_M3C100_M5C100	30.81	M3P85_M5P125_M3C100_M5C100	293.21	M3P130_M5P75_M3C100_M5C150	8.21	M3P130_M5P75_M3C100_M5C150	85.45	M3P130_M5P75_M3C150_M5C150	32.54	M3P130_M5P75_M3C150_M5C150	341.27	M3P85_M5P100_M3C100_M5C100	6.87	M3P130_M5P125_M3C100_M5C150	66.23
M3P85_M5P75_M3C100_M5C50	37.02	M3P85_M5P75_M3C100_M5C50	386.63	M3P85_M5P75_M3C100_M5C150	30.83	M3P85_M5P75_M3C100_M5C150	296.18	M3P85_M5P125_M3C100_M5C100	8.21	M3P85_M5P125_M3C100_M5C100	84.48	M3P100_M5P75_M3C100_M5C150	32.54	M3P100_M5P75_M3C100_M5C150	340.53	M3P130_M5P75_M3C100_M5C100	6.88	M3P130_M5P125_M3C150_M5C50	66.4
M3P85_M5P125_M3C100_M5C150	37.03	M3P85_M5P125_M3C100_M5C150	382.72	M3P85_M5P100_M3C100_M5C50	30.86	M3P85_M5P100_M3C100_M5C50	294.1	M3P100_M5P125_M3C100_M5C150	8.22	M3P100_M5P125_M3C100_M5C150	86.0	M3P85_M5P125_M3C100_M5C50	32.55	M3P85_M5P125_M3C100_M5C50	339.8	M3P100_M5P75_M3C150_M5C100	6.88	M3P130_M5P75_M3C100_M5C150	66.42
M3P85_M5P125_M3C100_M5C100	37.05	M3P85_M5P125_M3C100_M5C100	379.09	M3P85_M5P75_M3C100_M5C100	30.88	M3P85_M5P75_M3C100_M5C100	294.14	M3P85_M5P100_M3C100_M5C150	8.23	M3P85_M5P100_M3C100_M5C150	84.47	M3P130_M5P125_M3C150_M5C100	32.55	M3P130_M5P125_M3C150_M5C100	340.44	M3P130_M5P75_M3C150_M5C100	6.88	M3P130_M5P100_M3C150_M5C50	66.63
M3P85_M5P75_M3C100_M5C100	37.06	M3P85_M5P75_M3C100_M5C100	383.72	M3P130_M5P100_M3C100_M5C100	30.89	M3P130_M5P100_M3C100_M5C100	292.75	M3P100_M5P100_M3C150_M5C150	8.23	M3P100_M5P100_M3C150_M5C150	88.37	M3P130_M5P75_M3C150_M5C50	32.55	M3P130_M5P75_M3C150_M5C50	340.46	M3P100_M5P125_M3C150_M5C50	6.89	M3P130_M5P75_M3C150_M5C100	67.11
M3P100_M5P100_M3C100_M5C150	37.09	M3P100_M5P100_M3C100_M5C150	379.55	M3P130_M5P125_M3C100_M5C100	31.02	M3P130_M5P125_M3C100_M5C100	293.01	M3P130_M5P125_M3C150_M5C50	8.23	M3P130_M5P125_M3C150_M5C50	87.53	M3P100_M5P125_M3C150_M5C50	32.55	M3P100_M5P125_M3C150_M5C50	340.59	M3P130_M5P75_M3C150_M5C50	6.89	M3P85_M5P100_M3C100_M5C150	66.9
M3P85_M5P75_M3C100_M5C150	37.12	M3P85_M5P75_M3C100_M5C150	388.83	M3P100_M5P100_M3C100_M5C150	31.04	M3P100_M5P100_M3C100_M5C150	295.0	M3P100_M5P75_M3C100_M5C150	8.24	M3P100_M5P75_M3C100_M5C150	85.41	M3P130_M5P125_M3C150_M5C50	32.55	M3P130_M5P125_M3C150_M5C50	339.94	M3P100_M5P100_M3C100_M5C50	6.90	M3P100_M5P100_M3C150_M5C100	67.13
M3P130_M5P125_M3C150_M5C50	37.15	M3P130_M5P125_M3C150_M5C50	376.69	M3P130_M5P100_M3C150_M5C50	31.18	M3P130_M5P100_M3C150_M5C50	298.02	M3P100_M5P100_M3C100_M5C150	8.25	M3P100_M5P100_M3C100_M5C150	85.26	M3P100_M5P100_M3C150_M5C50	32.55	M3P100_M5P100_M3C150_M5C50	340.01	M3P130_M5P125_M3C100_M5C100	6.90	M3P130_M5P75_M3C150_M5C50	67.15
M3P130_M5P75_M3C150_M5C50	37.2	M3P130_M5P75_M3C150_M5C50	380.47	M3P100_M5P75_M3C150_M5C100	31.25	M3P100_M5P75_M3C150_M5C100	299.92	M3P85_M5P125_M3C100_M5C150	8.25	M3P85_M5P125_M3C100_M5C150	86.78	M3P85_M5P75_M3C100_M5C50	32.56	M3P85_M5P75_M3C100_M5C50	339.96	M3P100_M5P100_M3C100_M5C150	6.90	M3P130_M5P100_M3C150_M5C100	66.86
M3P130_M5P100_M3C150_M5C50	37.24	M3P130_M5P100_M3C150_M5C50	375.03	M3P85_M5P75_M3C150_M5C100	31.29	M3P85_M5P75_M3C150_M5C100	300.43	M3P130_M5P75_M3C150_M5C50	8.25	M3P130_M5P75_M3C150_M5C50	86.66	M3P100_M5P125_M3C150_M5C100	32.56	M3P100_M5P125_M3C150_M5C100	340.49	M3P100_M5P75_M3C150_M5C150	6.91	M3P130_M5P125_M3C100_M5C50	65.27
M3P100_M5P75_M3C150_M5C50	37.32	M3P100_M5P75_M3C150_M5C50	389.78	M3P130_M5P75_M3C150_M5C50	31.3	M3P130_M5P75_M3C150_M5C50	297.75	M3P85_M5P125_M3C150_M5C50	8.29	M3P85_M5P125_M3C150_M5C50	86.49	M3P85_M5P100_M3C100_M5C50	32.56	M3P85_M5P100_M3C100_M5C50	339.71	M3P85_M5P100_M3C150_M5C150	6.91	M3P85_M5P125_M3C150_M5C50	66.79
M3P130_M5P75_M3C150_M5C100	37.33	M3P130_M5P75_M3C150_M5C100	384.15	M3P100_M5P100_M3C150_M5C50	31.3	M3P100_M5P100_M3C150_M5C50	297.28	M3P130_M5P125_M3C150_M5C150	8.29	M3P130_M5P125_M3C150_M5C150	87.47	M3P130_M5P100_M3C100_M5C50	32.57	M3P130_M5P100_M3C100_M5C50	339.46	M3P85_M5P75_M3C150_M5C50	6.92	M3P85_M5P75_M3C150_M5C50	67.28
M3P130_M5P125_M3C150_M5C100	37.33	M3P130_M5P125_M3C150_M5C100	378.31	M3P85_M5P125_M3C150_M5C50	31.31	M3P85_M5P125_M3C150_M5C50	298.6	M3P130_M5P100_M3C150_M5C50	8.29	M3P130_M5P100_M3C150_M5C50	86.22	M3P100_M5P75_M3C150_M5C50	32.57	M3P100_M5P75_M3C150_M5C50	340.73	M3P85_M5P125_M3C100_M5C100	6.93	M3P130_M5P100_M3C100_M5C100	65.92
M3P130_M5P100_M3C150_M5C150	37.36	M3P130_M5P100_M3C150_M5C150	383.01	M3P100_M5P75_M3C150_M5C150	31.32	M3P100_M5P75_M3C150_M5C150	300.27	M3P100_M5P75_M3C150_M5C150	8.3	M3P100_M5P75_M3C150_M5C150	87.03	M3P130_M5P75_M3C150_M5C100	32.57	M3P130_M5P75_M3C150_M5C100	341.09	M3P130_M5P125_M3C150_M5C150	6.93	M3P100_M5P125_M3C100_M5C100	65.52
M3P100_M5P125_M3C150_M5C50	37.36	M3P100_M5P125_M3C150_M5C50	380.24	M3P130_M5P125_M3C150_M5C50	31.34	M3P130_M5P125_M3C150_M5C50	296.44	M3P100_M5P100_M3C150_M5C50	8.3	M3P100_M5P100_M3C150_M5C50	87.48	M3P130_M5P125_M3C150_M5C150	32.57	M3P130_M5P125_M3C150_M5C150	341.21	M3P100_M5P100_M3C150_M5C50	6.93	M3P130_M5P75_M3C150_M5C150	67.2
M3P130_M5P100_M3C150_M5C100	37.37	M3P130_M5P100_M3C150_M5C100	379.58	M3P85_M5P75_M3C150_M5C50	31.36	M3P85_M5P75_M3C150_M5C50	300.36	M3P100_M5P125_M3C150_M5C50	8.31	M3P100_M5P125_M3C150_M5C50	85.94	M3P85_M5P75_M3C150_M5C50	32.57	M3P85_M5P75_M3C150_M5C50	340.87	M3P100_M5P125_M3C150_M5C150	6.93	M3P100_M5P75_M3C150_M5C50	66.54
M3P100_M5P100_M3C150_M5C50	37.42	M3P100_M5P100_M3C150_M5C50	378.56	M3P130_M5P100_M3C150_M5C150	31.38	M3P130_M5P100_M3C150_M5C150	300.36	M3P85_M5P100_M3C150_M5C50	8.31	M3P85_M5P100_M3C150_M5C50	86.58	M3P100_M5P125_M3C100_M5C150	32.57	M3P100_M5P125_M3C100_M5C150	339.88	M3P85_M5P100_M3C150_M5C100	6.93	M3P100_M5P75_M3C150_M5C150	67.63
M3P130_M5P75_M3C150_M5C150	37.43	M3P130_M5P75_M3C150_M5C150	387.09	M3P130_M5P100_M3C150_M5C100	31.42	M3P130_M5P100_M3C150_M5C100	297.91	M3P100_M5P100_M3C150_M5C100	8.31	M3P100_M5P100_M3C150_M5C100	88.02	M3P100_M5P75_M3C150_M5C100	32.58	M3P100_M5P75_M3C150_M5C100	340.75	M3P100_M5P75_M3C150_M5C50	6.94	M3P100_M5P125_M3C150_M5C50	66.68
M3P100_M5P75_M3C150_M5C150	37.44	M3P100_M5P75_M3C150_M5C150	394.36	M3P130_M5P125_M3C150_M5C100	31.43	M3P130_M5P125_M3C150_M5C100	298.51	M3P130_M5P100_M3C150_M5C100	8.31	M3P130_M5P100_M3C150_M5C100	87.32	M3P85_M5P100_M3C100_M5C150	32.58	M3P85_M5P100_M3C100_M5C150	340.2	M3P130_M5P125_M3C100_M5C150	6.94	M3P100_M5P100_M3C150_M5C50	66.16
M3P85_M5P100_M3C150_M5C50	37.44	M3P85_M5P100_M3C150_M5C50	381.38	M3P85_M5P100_M3C150_M5C100	31.43	M3P85_M5P100_M3C150_M5C100	299.58	M3P130_M5P75_M3C150_M5C100	8.32	M3P130_M5P75_M3C150_M5C100	85.15	M3P85_M5P100_M3C150_M5C100	32.58	M3P85_M5P100_M3C150_M5C100	340.78	M3P130_M5P100_M3C150_M5C150	6.94	M3P100_M5P100_M3C100_M5C150	66.36
M3P85_M5P125_M3C150_M5C100	37.46	M3P85_M5P125_M3C150_M5C100	384.99	M3P100_M5P75_M3C150_M5C50	31.43	M3P100_M5P75_M3C150_M5C50	297.77	M3P130_M5P75_M3C150_M5C150	8.33	M3P130_M5P75_M3C150_M5C150	87.19	M3P100_M5P75_M3C150_M5C150	32.58	M3P100_M5P75_M3C150_M5C150	341.38	M3P100_M5P125_M3C100_M5C100	6.94	M3P100_M5P75_M3C150_M5C100	67.36
M3P100_M5P75_M3C150_M5C100	37.47	M3P100_M5P75_M3C150_M5C100	387.29	M3P100_M5P125_M3C150_M5C50	31.43	M3P100_M5P125_M3C150_M5C50	296.92	M3P100_M5P125_M3C150_M5C150	8.33	M3P100_M5P125_M3C150_M5C150	87.26	M3P130_M5P100_M3C150_M5C50	32.58	M3P130_M5P100_M3C150_M5C50	340.18	M3P85_M5P75_M3C150_M5C150	6.94	M3P85_M5P125_M3C150_M5C150	67.46
M3P85_M5P75_M3C150_M5C50	37.48	M3P85_M5P75_M3C150_M5C50	390.2	M3P130_M5P125_M3C150_M5C150	31.45	M3P130_M5P125_M3C150_M5C150	299.54	M3P85_M5P100_M3C150_M5C150	8.34	M3P85_M5P100_M3C150_M5C150	89.37	M3P130_M5P100_M3C150_M5C150	32.59	M3P130_M5P100_M3C150_M5C150	341.02	M3P130_M5P100_M3C150_M5C50	6.94	M3P85_M5P125_M3C150_M5C100	67.08
M3P100_M5P100_M3C150_M5C100	37.49	M3P100_M5P100_M3C150_M5C100	381.6	M3P100_M5P125_M3C150_M5C100	31.46	M3P100_M5P125_M3C150_M5C100	299.14	M3P130_M5P125_M3C150_M5C100	8.34	M3P130_M5P125_M3C150_M5C100	88.48	M3P85_M5P125_M3C150_M5C150	32.59	M3P85_M5P125_M3C150_M5C150	341.31	M3P85_M5P125_M3C150_M5C150	6.94	M3P85_M5P75_M3C150_M5C100	67.56
M3P85_M5P100_M3C150_M5C100	37.49	M3P85_M5P100_M3C150_M5C100	382.88	M3P130_M5P75_M3C150_M5C150	31.46	M3P130_M5P75_M3C150_M5C150	298.63	M3P100_M5P75_M3C150_M5C100	8.34	M3P100_M5P75_M3C150_M5C100	86.21	M3P100_M5P100_M3C150_M5C150	32.59	M3P100_M5P100_M3C150_M5C150	341.2	M3P100_M5P100_M3C150_M5C100	6.95	M3P130_M5P125_M3C150_M5C150	67.19
M3P100_M5P125_M3C150_M5C100	37.49	M3P100_M5P125_M3C150_M5C100	380.97	M3P100_M5P100_M3C150_M5C100	31.49	M3P100_M5P100_M3C150_M5C100	300.7	M3P85_M5P75_M3C150_M5C100	8.34	M3P85_M5P75_M3C150_M5C100	88.28	M3P100_M5P125_M3C150_M5C150	32.59	M3P100_M5P125_M3C150_M5C150	340.72	M3P100_M5P125_M3C150_M5C100	6.95	M3P85_M5P100_M3C150_M5C50	67.24
M3P130_M5P125_M3C150_M5C150	37.51	M3P130_M5P125_M3C150_M5C150	380.25	M3P100_M5P100_M3C150_M5C150	31.5	M3P100_M5P100_M3C150_M5C150	300.33	M3P85_M5P125_M3C150_M5C150	8.35	M3P85_M5P125_M3C150_M5C150	86.42	M3P85_M5P100_M3C150_M5C50	32.59	M3P85_M5P100_M3C150_M5C50	340.43	M3P85_M5P100_M3C150_M5C50	6.96	M3P85_M5P75_M3C150_M5C150	68.17
M3P85_M5P75_M3C150_M5C100	37.51	M3P85_M5P75_M3C150_M5C100	390.54	M3P85_M5P100_M3C150_M5C50	31.51	M3P85_M5P100_M3C150_M5C50	298.16	M3P85_M5P75_M3C150_M5C150	8.35	M3P85_M5P75_M3C150_M5C150	88.69	M3P85_M5P75_M3C150_M5C150	32.6	M3P85_M5P75_M3C150_M5C150	341.83	M3P85_M5P125_M3C150_M5C100	6.98	M3P100_M5P125_M3C150_M5C100	67.02
M3P100_M5P125_M3C150_M5C150	37.54	M3P100_M5P125_M3C150_M5C150	384.39	M3P130_M5P75_M3C150_M5C100	31.55	M3P130_M5P75_M3C150_M5C100	297.48	M3P85_M5P125_M3C150_M5C100	8.36	M3P85_M5P125_M3C150_M5C100	87.64	M3P100_M5P100_M3C150_M5C100	32.6	M3P100_M5P100_M3C150_M5C100	340.88	M3P130_M5P75_M3C150_M5C150	6.99	M3P130_M5P125_M3C150_M5C100	66.61
M3P85_M5P125_M3C150_M5C50	37.56	M3P85_M5P125_M3C150_M5C50	383.73	M3P100_M5P125_M3C150_M5C150	31.64	M3P100_M5P125_M3C150_M5C150	301.47	M3P130_M5P100_M3C150_M5C150	8.37	M3P130_M5P100_M3C150_M5C150	87.54	M3P85_M5P75_M3C150_M5C100	32.6	M3P85_M5P75_M3C150_M5C100	341.04	M3P130_M5P100_M3C150_M5C100	7.00	M3P85_M5P100_M3C150_M5C100	67.66
M3P85_M5P100_M3C150_M5C150	37.57	M3P85_M5P100_M3C150_M5C150	387.88	M3P85_M5P75_M3C150_M5C150	31.74	M3P85_M5P75_M3C150_M5C150	301.51	M3P85_M5P75_M3C150_M5C50	8.37	M3P85_M5P75_M3C150_M5C50	87.48	M3P85_M5P100_M3C150_M5C150	32.61	M3P85_M5P100_M3C150_M5C150	341.32	M3P130_M5P125_M3C150_M5C100	7.00	M3P100_M5P100_M3C150_M5C150	67.68
M3P100_M5P100_M3C150_M5C150	37.59	M3P100_M5P100_M3C150_M5C150	386.24	M3P85_M5P100_M3C150_M5C150	31.79	M3P85_M5P100_M3C150_M5C150	302.1	M3P85_M5P100_M3C150_M5C100	8.39	M3P85_M5P100_M3C150_M5C100	87.73	M3P85_M5P125_M3C150_M5C50	32.62	M3P85_M5P125_M3C150_M5C50	340.44	M3P130_M5P125_M3C150_M5C50	7.06	M3P100_M5P125_M3C150_M5C150	67.25
M3P85_M5P75_M3C150_M5C150	37.64	M3P85_M5P75_M3C150_M5C150	401.82	M3P85_M5P125_M3C150_M5C100	31.79	M3P85_M5P125_M3C150_M5C100	300.35	M3P100_M5P75_M3C150_M5C50	8.4	M3P100_M5P75_M3C150_M5C50	85.23	M3P130_M5P75_M3C100_M5C150	32.68	M3P130_M5P75_M3C100_M5C150	340.32	M3P85_M5P125_M3C150_M5C50	7.07	M3P85_M5P100_M3C150_M5C150	67.49
M3P85_M5P125_M3C150_M5C150	37.67	M3P85_M5P125_M3C150_M5C150	385.25	M3P85_M5P125_M3C150_M5C150	32.01	M3P85_M5P125_M3C150_M5C150	301.59	M3P100_M5P125_M3C150_M5C100	8.41	M3P100_M5P125_M3C150_M5C100	89.15	M3P130_M5P100_M3C150_M5C100	32.79	M3P130_M5P100_M3C150_M5C100	340.36	M3P85_M5P75_M3C150_M5C100	7.10	M3P130_M5P100_M3C150_M5C150	67.6
